,page_id,revision_id,revision_id.key,has_template,revision_text_bytes,stems_length,category_links,cite_templates,cn_templates,images_in_tags,infobox_templates,paragraphs_without_refs,shortened_footnote_templates,who_templates,words_to_watch_matches,revision_words,revision_chars,revision_content_chars,external_links,headings_by_level(2),ref_tags,revision_templates,revision_wikilinks,article_quality_score,idf
0,1009303,915922037,914534042,0.0,17078.0,10860.0,12.0,9.0,0.0,0.0,0.0,5468.0,0.0,0.0,25.0,2491.0,17056.0,9811.0,5.0,6.0,19.0,25.0,122.0,C,8.31939005485133
1,50634896,904293726,902739600,0.0,15455.0,8372.0,1.0,22.0,0.0,6.0,1.0,6800.0,0.0,0.0,6.0,1671.0,15431.0,5712.0,25.0,10.0,22.0,37.0,54.0,C,14.912434588993769
2,26184478,897851276,925689017,1.0,1564.0,844.0,6.0,0.0,0.0,0.0,1.0,1552.0,0.0,0.0,0.0,170.0,1554.0,693.0,0.0,3.0,0.0,8.0,29.0,Stub,10.785300203948676
3,30999976,888276215,962838394,1.0,2023.0,1195.0,7.0,0.0,0.0,0.0,1.0,2019.0,0.0,0.0,0.0,248.0,2023.0,1131.0,0.0,3.0,0.0,5.0,38.0,Stub,15.605581769553712
4,17752,832889377,837019433,1.0,105246.0,59054.0,13.0,90.0,8.0,6.0,1.0,15830.0,0.0,0.0,94.0,12472.0,104773.0,59556.0,155.0,11.0,148.0,194.0,601.0,B,6.688941542354874
5,6150321,943398554,828107841,0.0,10753.0,6180.0,15.0,10.0,0.0,0.0,1.0,3950.0,0.0,0.0,16.0,1397.0,10683.0,6290.0,9.0,7.0,19.0,22.0,71.0,GA,13.996143857119613
6,31169538,831372583,896497921,1.0,1234.0,798.0,3.0,0.0,0.0,0.0,0.0,251.0,0.0,0.0,0.0,111.0,1234.0,194.0,0.0,2.0,1.0,7.0,18.0,Stub,15.605581769553712
7,2645,916335011,839847838,0.0,25979.0,14968.0,6.0,23.0,0.0,0.0,1.0,5719.0,8.0,0.0,22.0,3231.0,25855.0,13241.0,28.0,11.0,34.0,67.0,113.0,GA,8.685897919706301
8,21562812,876399086,854842721,0.0,6534.0,4226.0,4.0,1.0,2.0,0.0,0.0,4792.0,0.0,0.0,4.0,909.0,6534.0,5734.0,3.0,7.0,1.0,10.0,23.0,Start,14.912434588993769
9,50707312,825871094,893937260,1.0,723.0,443.0,1.0,1.0,0.0,0.0,0.0,719.0,0.0,0.0,0.0,78.0,721.0,134.0,0.0,2.0,0.0,5.0,7.0,Stub,15.605581769553712
10,1765551,945413312,825530357,0.0,26.0,19.0,0.0,0.0,0.0,0.0,0.0,26.0,0.0,0.0,0.0,3.0,26.0,21.0,0.0,0.0,0.0,0.0,1.0,Stub,14.912434588993769
11,249425,912039888,912039618,0.0,8639.0,5230.0,6.0,5.0,0.0,0.0,1.0,3087.0,0.0,0.0,12.0,1137.0,8616.0,5233.0,1.0,5.0,11.0,16.0,53.0,C,11.528044325647992
12,384810,931209953,894168107,0.0,27569.0,15601.0,2.0,26.0,5.0,0.0,0.0,1382.0,0.0,2.0,14.0,3306.0,27545.0,15066.0,37.0,8.0,32.0,39.0,118.0,C,15.605581769553712
13,38817,863925658,917709993,1.0,17188.0,10048.0,8.0,5.0,1.0,0.0,1.0,6309.0,0.0,0.0,22.0,2231.0,17175.0,12735.0,12.0,6.0,7.0,24.0,135.0,C,8.642391783683475
14,17239747,924322887,949454425,1.0,5252.0,2979.0,9.0,0.0,0.0,0.0,1.0,2048.0,0.0,0.0,5.0,641.0,5252.0,2280.0,2.0,5.0,3.0,22.0,63.0,Start,11.821392135635453
15,8116755,872420553,955613686,1.0,26260.0,17094.0,10.0,1.0,0.0,0.0,1.0,7721.0,0.0,0.0,37.0,3674.0,26257.0,7808.0,3.0,8.0,1.0,86.0,100.0,C,14.912434588993769
16,50993728,887417535,887599159,1.0,4732.0,2382.0,6.0,3.0,0.0,0.0,1.0,4690.0,0.0,0.0,3.0,476.0,4696.0,2302.0,3.0,4.0,3.0,10.0,70.0,Start,12.56105933183029
17,11784033,947717285,975208358,1.0,7851.0,5109.0,2.0,3.0,1.0,0.0,1.0,3704.0,0.0,0.0,28.0,1101.0,7851.0,5674.0,5.0,7.0,4.0,15.0,44.0,C,12.171594565068569
18,287078,903009075,957798217,1.0,37316.0,21040.0,5.0,46.0,3.0,0.0,0.0,274.0,0.0,0.0,55.0,4474.0,37255.0,17004.0,38.0,9.0,61.0,68.0,251.0,B,7.245042388182852
19,588207,908450775,862213991,0.0,75184.0,45945.0,4.0,28.0,4.0,0.0,1.0,8581.0,0.0,0.0,85.0,9853.0,75047.0,53231.0,64.0,12.0,81.0,75.0,364.0,B,10.244289603844289
20,349655,936986376,971580926,1.0,9980.0,5862.0,4.0,3.0,0.0,0.0,1.0,3137.0,0.0,0.0,14.0,1325.0,9910.0,6484.0,9.0,11.0,5.0,22.0,76.0,C,11.094722263036862
21,1558004,851107368,852770397,1.0,45482.0,26786.0,17.0,9.0,0.0,0.0,1.0,21119.0,0.0,0.0,52.0,5975.0,45407.0,32711.0,36.0,9.0,58.0,43.0,343.0,B,10.96119087041234
22,23626360,948613713,976490951,1.0,3215.0,1676.0,2.0,0.0,0.0,0.0,1.0,251.0,0.0,0.0,0.0,264.0,3207.0,239.0,0.0,0.0,0.0,8.0,12.0,Stub,14.506969480885603
23,8758243,913027274,825516261,0.0,1902.0,1046.0,4.0,2.0,0.0,0.0,1.0,0.0,0.0,0.0,5.0,209.0,1884.0,558.0,2.0,1.0,2.0,7.0,20.0,Stub,15.605581769553712
24,50904024,879287200,953422839,1.0,18305.0,11991.0,11.0,0.0,0.0,0.0,1.0,17009.0,0.0,0.0,32.0,2749.0,18268.0,16389.0,5.0,3.0,4.0,5.0,37.0,C,14.506969480885603
25,9482165,957525513,958510777,1.0,5437.0,2986.0,8.0,1.0,0.0,0.0,1.0,2366.0,0.0,0.0,5.0,606.0,5437.0,3155.0,3.0,4.0,3.0,6.0,48.0,Start,13.526140227873876
26,1466066,881050132,881049316,0.0,1875.0,988.0,3.0,3.0,1.0,0.0,1.0,0.0,0.0,0.0,1.0,186.0,1873.0,458.0,4.0,1.0,3.0,9.0,24.0,Stub,11.734380758645822
27,93935,904080774,908592878,1.0,34468.0,20618.0,5.0,20.0,3.0,0.0,1.0,6482.0,0.0,0.0,61.0,4281.0,34412.0,22078.0,42.0,10.0,32.0,44.0,297.0,B,8.993540734720622
28,37575,846757212,835854486,0.0,57351.0,36678.0,3.0,16.0,7.0,0.0,0.0,37195.0,0.0,0.0,101.0,7908.0,57311.0,45926.0,30.0,13.0,24.0,55.0,431.0,B,4.306233262028482
29,179099,947585217,972918181,1.0,28419.0,17400.0,4.0,11.0,0.0,0.0,1.0,5139.0,0.0,0.0,44.0,3774.0,28366.0,20880.0,27.0,15.0,27.0,30.0,203.0,B,9.86900947207452
30,34181546,845354515,827067932,0.0,3284.0,1697.0,5.0,2.0,0.0,0.0,1.0,0.0,0.0,0.0,2.0,321.0,3282.0,1250.0,6.0,3.0,3.0,11.0,21.0,Stub,13.408357192217494
31,15981611,969211538,836372380,0.0,4364.0,2300.0,1.0,0.0,0.0,0.0,1.0,2783.0,0.0,0.0,2.0,397.0,4363.0,1901.0,6.0,3.0,3.0,11.0,22.0,Start,13.302996676559667
32,48744699,945502067,945501329,0.0,7786.0,4983.0,6.0,0.0,0.0,0.0,1.0,4888.0,0.0,0.0,9.0,1018.0,7741.0,4693.0,0.0,4.0,4.0,10.0,43.0,Start,14.912434588993769
33,13556309,842299056,952606680,1.0,3112.0,1638.0,5.0,1.0,0.0,0.0,1.0,1632.0,0.0,0.0,1.0,314.0,3112.0,1006.0,1.0,5.0,1.0,10.0,33.0,Stub,13.6596716204984
34,3600610,959744408,912066602,0.0,8539.0,4921.0,3.0,9.0,0.0,0.0,0.0,0.0,0.0,0.0,15.0,999.0,8441.0,4986.0,8.0,6.0,18.0,26.0,55.0,GA,11.301516676349545
35,249425,912039618,912039888,1.0,8757.0,5296.0,6.0,5.0,0.0,0.0,1.0,3087.0,0.0,0.0,12.0,1149.0,8734.0,5233.0,1.0,5.0,11.0,17.0,55.0,C,11.528044325647992
36,56281838,902322652,847175139,0.0,10879.0,5671.0,3.0,15.0,0.0,0.0,1.0,2008.0,0.0,0.0,6.0,1215.0,10462.0,3875.0,16.0,8.0,17.0,34.0,42.0,C,10.601635463608254
37,639,832043893,828587290,0.0,61720.0,35645.0,3.0,31.0,6.0,0.0,0.0,34269.0,0.0,0.0,72.0,7963.0,61480.0,41907.0,28.0,13.0,55.0,76.0,402.0,B,10.171859765999471
38,154723,859210345,955828671,1.0,33806.0,22092.0,6.0,1.0,34.0,0.0,0.0,0.0,0.0,0.0,57.0,4825.0,33622.0,28566.0,9.0,8.0,29.0,46.0,214.0,B,12.273377259378508
39,23936042,918940645,954369119,1.0,5257.0,3239.0,9.0,5.0,0.0,0.0,1.0,421.0,0.0,0.0,6.0,681.0,5233.0,2572.0,4.0,1.0,5.0,15.0,43.0,Start,13.526140227873876
40,2688507,856730569,861195072,1.0,9147.0,5993.0,7.0,1.0,0.0,0.0,0.0,7048.0,0.0,0.0,8.0,1489.0,9147.0,7983.0,3.0,6.0,1.0,4.0,86.0,B,15.605581769553712
41,10968506,848355515,941325673,1.0,8031.0,3378.0,3.0,12.0,0.0,0.0,0.0,714.0,0.0,0.0,5.0,739.0,8025.0,3253.0,36.0,4.0,9.0,18.0,20.0,C,13.526140227873876
42,13560219,923310850,826285792,0.0,8420.0,4192.0,5.0,10.0,0.0,0.0,1.0,654.0,0.0,0.0,3.0,892.0,8406.0,3343.0,15.0,4.0,12.0,25.0,60.0,C,14.912434588993769
43,1147751,822900177,840237328,1.0,16779.0,9908.0,5.0,7.0,0.0,0.0,1.0,3190.0,0.0,0.0,22.0,2324.0,16775.0,12198.0,20.0,4.0,14.0,26.0,97.0,C,10.297314072152508
44,36622455,831211539,828153148,0.0,19186.0,9370.0,11.0,34.0,1.0,0.0,1.0,0.0,0.0,0.0,10.0,2086.0,18636.0,9390.0,45.0,5.0,47.0,59.0,50.0,C,11.494707905380402
45,44245,853242929,821041183,0.0,76464.0,47648.0,5.0,48.0,4.0,0.0,1.0,51389.0,0.0,0.0,83.0,10359.0,76101.0,53144.0,72.0,13.0,42.0,96.0,609.0,B,7.930035767015864
46,1343949,909756724,922570875,1.0,5256.0,3361.0,1.0,2.0,0.0,0.0,0.0,3502.0,0.0,0.0,6.0,790.0,5252.0,4494.0,4.0,6.0,2.0,6.0,12.0,Start,12.470087553624564
47,2890062,941238216,966831821,1.0,7407.0,4472.0,2.0,3.0,0.0,0.0,1.0,1927.0,0.0,0.0,9.0,995.0,7405.0,4476.0,8.0,6.0,4.0,16.0,34.0,C,13.526140227873876
48,287078,957798217,903009075,0.0,40604.0,22627.0,5.0,46.0,3.0,0.0,0.0,10504.0,0.0,0.0,53.0,4887.0,40543.0,20479.0,43.0,8.0,61.0,64.0,277.0,B,7.245042388182852
49,783778,928304230,961832087,1.0,34321.0,19851.0,5.0,16.0,0.0,0.0,1.0,11579.0,0.0,0.0,52.0,4480.0,34273.0,22157.0,30.0,7.0,29.0,38.0,261.0,B,14.21928740843382
50,49212277,830763546,842072759,1.0,7273.0,4014.0,7.0,2.0,0.0,0.0,1.0,5452.0,0.0,0.0,8.0,852.0,7249.0,3943.0,6.0,5.0,4.0,17.0,71.0,Start,13.996143857119613
51,24335022,913007385,825537573,0.0,6079.0,3543.0,4.0,2.0,0.0,0.0,1.0,1165.0,0.0,0.0,11.0,767.0,6076.0,4154.0,5.0,5.0,6.0,4.0,58.0,C,13.040632412092176
52,58958667,870617281,907915720,1.0,2513.0,1326.0,0.0,0.0,0.0,0.0,1.0,2511.0,0.0,0.0,0.0,162.0,2513.0,37.0,0.0,0.0,0.0,5.0,13.0,Stub,14.506969480885603
53,60031370,884340842,884341929,1.0,2263.0,1286.0,0.0,4.0,0.0,0.0,1.0,0.0,0.0,0.0,2.0,264.0,2257.0,519.0,1.0,1.0,4.0,9.0,11.0,Stub,13.996143857119613
54,2879834,893321122,957954063,1.0,13320.0,8026.0,2.0,10.0,0.0,0.0,1.0,9986.0,0.0,0.0,17.0,1747.0,13304.0,8659.0,17.0,8.0,6.0,19.0,28.0,C,14.21928740843382
55,516033,886460237,952036679,1.0,5150.0,3167.0,1.0,2.0,0.0,0.0,1.0,4234.0,0.0,0.0,12.0,718.0,5090.0,3338.0,2.0,4.0,4.0,8.0,45.0,Start,13.408357192217494
56,49656342,963684463,965930526,1.0,9723.0,4866.0,8.0,12.0,0.0,0.0,1.0,0.0,0.0,0.0,2.0,1042.0,9693.0,2295.0,18.0,3.0,18.0,22.0,39.0,C,13.6596716204984
57,25997877,964444542,897851165,0.0,2895.0,1490.0,8.0,4.0,1.0,0.0,1.0,0.0,0.0,0.0,2.0,306.0,2895.0,889.0,4.0,2.0,4.0,12.0,27.0,Stub,15.605581769553712
58,39382753,876407241,859761742,0.0,5784.0,2852.0,4.0,8.0,0.0,0.0,1.0,0.0,0.0,0.0,1.0,555.0,5766.0,1978.0,13.0,4.0,10.0,13.0,28.0,Start,13.302996676559667
59,60914621,928319329,899618625,0.0,2061.0,1014.0,2.0,2.0,0.0,0.0,1.0,0.0,0.0,0.0,0.0,206.0,2061.0,559.0,5.0,1.0,5.0,7.0,18.0,Stub,15.605581769553712
60,26219889,869117924,884237114,1.0,23803.0,12510.0,11.0,18.0,0.0,0.0,1.0,1614.0,0.0,0.0,10.0,2668.0,22649.0,13425.0,34.0,8.0,27.0,55.0,122.0,C,12.0502337080643
61,445066,863283421,957023823,1.0,60307.0,35337.0,35.0,54.0,10.0,0.0,3.0,23267.0,0.0,0.0,100.0,7879.0,60248.0,36405.0,60.0,10.0,73.0,104.0,324.0,C,9.503023174940145
62,28201984,927093194,827312851,0.0,15498.0,8085.0,8.0,27.0,1.0,0.0,1.0,1438.0,0.0,0.0,8.0,1638.0,15494.0,7120.0,37.0,10.0,31.0,35.0,38.0,C,13.6596716204984
63,5622777,856135877,841429597,0.0,3289.0,2308.0,5.0,0.0,0.0,0.0,1.0,3281.0,0.0,0.0,6.0,457.0,3289.0,2874.0,0.0,3.0,0.0,4.0,36.0,Start,10.47568305463064
64,33370228,874049450,961561962,1.0,5063.0,3107.0,10.0,0.0,0.0,0.0,1.0,4328.0,0.0,0.0,6.0,683.0,5059.0,3336.0,2.0,6.0,3.0,9.0,56.0,Start,13.6596716204984
65,47862694,866519319,915805701,1.0,29129.0,17458.0,3.0,32.0,2.0,0.0,0.0,3670.0,0.0,0.0,21.0,3901.0,29033.0,17622.0,30.0,8.0,47.0,46.0,122.0,C,14.506969480885603
66,3431539,854694219,861336987,1.0,42773.0,25398.0,13.0,26.0,4.0,0.0,1.0,19209.0,0.0,0.0,58.0,5628.0,42751.0,28169.0,35.0,6.0,30.0,60.0,292.0,C,11.598248584321242
67,37114966,887161193,939788367,1.0,9729.0,5256.0,4.0,3.0,0.0,0.0,1.0,9701.0,0.0,0.0,2.0,1048.0,9703.0,2695.0,4.0,3.0,6.0,17.0,26.0,C,13.6596716204984
68,455112,945764869,916603783,0.0,5367.0,2977.0,3.0,7.0,0.0,0.0,0.0,1051.0,0.0,0.0,6.0,692.0,5331.0,3515.0,10.0,5.0,11.0,11.0,23.0,Start,14.506969480885603
69,987546,972004908,875026624,0.0,6500.0,3593.0,6.0,12.0,1.0,0.0,0.0,0.0,0.0,0.0,5.0,771.0,6497.0,3131.0,12.0,4.0,18.0,20.0,32.0,C,10.18063175207231
70,273789,911002853,918097200,1.0,16234.0,10024.0,10.0,2.0,7.0,0.0,1.0,4348.0,0.0,0.0,13.0,2250.0,16170.0,11913.0,6.0,6.0,18.0,36.0,141.0,C,10.407084738287889
71,18880664,959707679,819706649,0.0,32191.0,18776.0,5.0,27.0,1.0,0.0,0.0,6697.0,7.0,0.0,41.0,4055.0,32142.0,15395.0,33.0,6.0,42.0,52.0,178.0,C,13.408357192217494
72,31022857,884479637,895060513,1.0,21050.0,12202.0,2.0,35.0,1.0,0.0,1.0,0.0,0.0,0.0,14.0,2521.0,20963.0,5493.0,15.0,5.0,42.0,46.0,30.0,C,13.302996676559667
73,5141188,955291453,864557617,0.0,27.0,18.0,0.0,0.0,0.0,0.0,0.0,24.0,0.0,0.0,0.0,2.0,24.0,19.0,0.0,0.0,0.0,0.0,1.0,Stub,13.120675119765712
74,1390928,863669405,841602938,0.0,73310.0,36628.0,11.0,63.0,1.0,0.0,1.0,9064.0,0.0,0.0,121.0,7905.0,73174.0,34872.0,141.0,7.0,73.0,123.0,408.0,B,10.211954223201351
75,902433,900944809,979586213,1.0,11365.0,6874.0,10.0,6.0,11.0,9.0,1.0,5122.0,0.0,0.0,8.0,1453.0,11342.0,5890.0,15.0,9.0,13.0,41.0,60.0,C,11.446698686194042
76,1198216,951068883,847667610,0.0,14316.0,8674.0,4.0,14.0,0.0,0.0,0.0,6878.0,0.0,0.0,17.0,1928.0,14306.0,9809.0,14.0,7.0,14.0,16.0,38.0,C,13.996143857119613
77,37397,941197214,924248691,0.0,51304.0,28510.0,6.0,42.0,0.0,4.0,1.0,14363.0,0.0,0.0,46.0,6002.0,51223.0,24368.0,64.0,10.0,60.0,91.0,228.0,GA,9.319583675044848
78,19941857,966703883,863115258,0.0,12239.0,6883.0,5.0,17.0,1.0,0.0,1.0,2340.0,0.0,0.0,3.0,1422.0,12179.0,6491.0,20.0,8.0,17.0,38.0,62.0,C,15.605581769553712
79,1129032,909926092,924241407,1.0,71189.0,38557.0,2.0,168.0,0.0,0.0,1.0,0.0,0.0,0.0,57.0,7743.0,71153.0,27036.0,175.0,15.0,175.0,202.0,361.0,GA,9.487484571512365
80,53197340,861765483,824356697,0.0,5434.0,2397.0,1.0,1.0,0.0,0.0,0.0,5422.0,0.0,0.0,0.0,329.0,5422.0,2757.0,2.0,3.0,5.0,5.0,72.0,Start,13.813822300325658
81,57219123,872857341,910161950,1.0,2814.0,1383.0,6.0,4.0,0.0,0.0,1.0,0.0,0.0,0.0,0.0,282.0,2814.0,697.0,5.0,4.0,5.0,12.0,19.0,Stub,13.408357192217494
82,100963,965499159,960604980,0.0,3146.0,1486.0,4.0,5.0,0.0,0.0,0.0,661.0,0.0,0.0,5.0,324.0,3144.0,1233.0,5.0,4.0,5.0,11.0,20.0,Start,13.207686496755342
83,38890,914803493,884262915,0.0,48237.0,30060.0,2.0,17.0,0.0,0.0,0.0,21057.0,104.0,0.0,55.0,6407.0,48148.0,34580.0,22.0,8.0,8.0,152.0,358.0,FA,13.040632412092176
84,4964302,913606644,963834611,1.0,27725.0,14781.0,10.0,20.0,0.0,0.0,1.0,0.0,0.0,0.0,55.0,3475.0,25688.0,16483.0,35.0,6.0,44.0,37.0,132.0,GA,12.309744903549385
85,9607410,908597505,910619061,1.0,8652.0,5293.0,2.0,1.0,0.0,0.0,1.0,7574.0,0.0,0.0,20.0,999.0,8632.0,4926.0,2.0,4.0,1.0,11.0,55.0,Start,12.022062831097603
86,49165511,939541759,935485312,0.0,4050.0,1901.0,1.0,1.0,0.0,0.0,1.0,0.0,0.0,0.0,1.0,248.0,4048.0,457.0,1.0,1.0,1.0,11.0,7.0,Stub,15.605581769553712
87,52807795,949894092,951976351,1.0,980.0,598.0,2.0,1.0,0.0,0.0,0.0,149.0,0.0,0.0,1.0,119.0,980.0,463.0,1.0,1.0,2.0,7.0,11.0,Stub,15.605581769553712
88,100963,960604980,965499159,1.0,3268.0,1667.0,4.0,5.0,0.0,0.0,0.0,538.0,0.0,0.0,7.0,368.0,3265.0,1472.0,5.0,3.0,5.0,11.0,26.0,Start,13.207686496755342
89,21557170,912930681,972994217,1.0,11163.0,7091.0,1.0,2.0,0.0,0.0,0.0,9635.0,0.0,0.0,23.0,1545.0,11157.0,8916.0,5.0,11.0,2.0,12.0,132.0,C,14.506969480885603
90,22839299,826203509,891775999,1.0,749.0,421.0,3.0,0.0,0.0,0.0,0.0,0.0,0.0,0.0,0.0,68.0,749.0,219.0,0.0,1.0,1.0,7.0,12.0,Stub,15.605581769553712
91,3527318,847236750,941467166,1.0,46431.0,24714.0,4.0,71.0,2.0,0.0,1.0,1229.0,0.0,0.0,37.0,4956.0,46371.0,23165.0,85.0,10.0,88.0,90.0,319.0,B,15.605581769553712
92,52636,940182979,877401139,0.0,14490.0,8261.0,4.0,12.0,0.0,0.0,0.0,5905.0,0.0,0.0,15.0,1896.0,14471.0,8983.0,13.0,6.0,16.0,30.0,71.0,C,6.944115088981051
93,1476496,955510302,907758523,0.0,8608.0,5124.0,6.0,6.0,1.0,0.0,1.0,776.0,0.0,0.0,20.0,1113.0,8534.0,5514.0,8.0,4.0,16.0,18.0,52.0,C,12.772368425497495
94,395883,955314721,841415184,0.0,17563.0,10864.0,17.0,14.0,0.0,0.0,0.0,9428.0,0.0,0.0,34.0,2354.0,17561.0,11654.0,16.0,9.0,14.0,26.0,91.0,C,12.23828593956724
95,57849762,886631497,888045931,1.0,3386.0,1746.0,5.0,5.0,0.0,0.0,1.0,1360.0,0.0,0.0,0.0,361.0,3385.0,1238.0,6.0,2.0,8.0,13.0,24.0,Start,13.996143857119613
96,5731714,869902516,902962184,1.0,29946.0,14975.0,6.0,2.0,0.0,0.0,1.0,3433.0,0.0,0.0,18.0,3187.0,29878.0,18305.0,7.0,8.0,2.0,27.0,815.0,C,14.912434588993769
97,2280897,880352092,855399256,0.0,20.0,13.0,0.0,0.0,0.0,0.0,0.0,20.0,0.0,0.0,0.0,4.0,20.0,0.0,0.0,0.0,0.0,1.0,0.0,Stub,14.912434588993769
98,154723,955828671,859210345,0.0,34034.0,22212.0,6.0,4.0,31.0,0.0,0.0,0.0,0.0,0.0,54.0,4835.0,33847.0,28437.0,8.0,8.0,30.0,45.0,211.0,B,12.273377259378508
99,41450984,905609143,905938326,1.0,2215.0,1122.0,3.0,5.0,0.0,0.0,1.0,290.0,0.0,0.0,0.0,224.0,2215.0,650.0,7.0,3.0,5.0,12.0,16.0,Stub,13.813822300325658
100,56693877,827821006,828542892,1.0,12401.0,6492.0,0.0,1.0,0.0,0.0,0.0,10337.0,0.0,0.0,7.0,1274.0,12376.0,5806.0,2.0,5.0,2.0,58.0,113.0,Start,13.408357192217494
101,22615924,831886126,854122308,1.0,5589.0,3120.0,4.0,5.0,0.0,0.0,0.0,1112.0,0.0,0.0,3.0,624.0,5581.0,3015.0,5.0,5.0,9.0,12.0,37.0,Start,15.605581769553712
102,38817,917709993,863925658,0.0,18527.0,10586.0,8.0,4.0,2.0,0.0,1.0,7382.0,0.0,0.0,26.0,2357.0,18514.0,13559.0,15.0,6.0,10.0,27.0,134.0,C,8.642391783683475
103,28467674,888424312,896250326,1.0,935.0,438.0,6.0,0.0,0.0,0.0,0.0,931.0,0.0,0.0,0.0,82.0,933.0,266.0,0.0,1.0,0.0,3.0,8.0,Stub,14.912434588993769
104,34181546,953818825,933244686,0.0,6061.0,2800.0,5.0,7.0,0.0,0.0,1.0,0.0,0.0,0.0,3.0,553.0,6056.0,1582.0,9.0,3.0,7.0,21.0,39.0,Start,13.408357192217494
105,59077633,925377030,941676898,1.0,6914.0,3938.0,8.0,4.0,0.0,0.0,2.0,0.0,0.0,0.0,8.0,832.0,6914.0,3405.0,6.0,6.0,6.0,23.0,53.0,C,14.912434588993769
106,179099,972918181,947585217,0.0,27965.0,17249.0,4.0,17.0,0.0,0.0,1.0,5280.0,0.0,0.0,43.0,3767.0,27916.0,20427.0,23.0,14.0,28.0,38.0,209.0,B,9.86900947207452
107,451326,898186208,847925695,0.0,12159.0,7174.0,8.0,1.0,0.0,0.0,1.0,2327.0,0.0,0.0,15.0,1423.0,12081.0,7432.0,10.0,4.0,2.0,30.0,190.0,C,9.992453663165644
108,3550645,866846015,961613678,1.0,5583.0,3665.0,2.0,0.0,1.0,0.0,0.0,896.0,0.0,0.0,16.0,966.0,5575.0,1720.0,0.0,4.0,3.0,13.0,26.0,Start,15.605581769553712
109,2276318,825537392,943837459,1.0,5522.0,3127.0,6.0,6.0,0.0,0.0,1.0,844.0,0.0,0.0,4.0,652.0,5509.0,2731.0,6.0,6.0,7.0,20.0,58.0,Start,12.715210011657549
110,1353327,940764152,927291741,0.0,20724.0,12409.0,4.0,6.0,0.0,0.0,1.0,9178.0,0.0,0.0,25.0,2701.0,20723.0,14645.0,21.0,6.0,14.0,21.0,199.0,C,11.223555134879833
111,40060752,964916922,834083880,0.0,3834.0,2096.0,3.0,4.0,0.0,0.0,0.0,1909.0,0.0,0.0,8.0,458.0,3792.0,2312.0,5.0,3.0,6.0,11.0,18.0,Start,12.386705944685511
112,22218,899516407,934854287,1.0,118865.0,61418.0,5.0,102.0,3.0,4.0,1.0,5541.0,0.0,0.0,108.0,12598.0,118639.0,56299.0,196.0,13.0,123.0,176.0,719.0,B,4.546944077389218
113,9735864,847154188,825537338,0.0,5261.0,2720.0,5.0,6.0,0.0,3.0,1.0,1410.0,2.0,0.0,4.0,557.0,5247.0,1701.0,6.0,7.0,5.0,16.0,41.0,Start,14.506969480885603
114,13986,929202479,870342062,0.0,53338.0,30074.0,3.0,36.0,1.0,0.0,1.0,19125.0,0.0,0.0,63.0,6187.0,53303.0,25039.0,75.0,12.0,39.0,122.0,514.0,C,6.600053992207016
115,303238,927195229,922707639,0.0,89.0,49.0,0.0,0.0,0.0,0.0,0.0,89.0,0.0,0.0,0.0,11.0,89.0,19.0,0.0,0.0,0.0,3.0,1.0,Stub,11.400889150162747
116,149242,957976680,880981679,0.0,15371.0,8096.0,9.0,4.0,0.0,0.0,1.0,0.0,0.0,0.0,3.0,1620.0,15315.0,3609.0,7.0,4.0,11.0,53.0,64.0,C,9.878734021966515
117,2769012,911642221,833435312,0.0,68299.0,42107.0,12.0,6.0,3.0,0.0,1.0,34532.0,0.0,0.0,112.0,9339.0,65995.0,52988.0,10.0,12.0,8.0,14.0,173.0,B,11.371475264956452
118,1214817,960889141,851725163,0.0,13350.0,7265.0,3.0,19.0,0.0,0.0,1.0,0.0,0.0,0.0,15.0,1536.0,13340.0,7180.0,25.0,4.0,21.0,35.0,67.0,GA,10.517985434321329
119,1420420,825540302,897497221,1.0,7743.0,3622.0,9.0,3.0,6.0,0.0,1.0,0.0,0.0,0.0,10.0,720.0,7737.0,3449.0,14.0,8.0,20.0,20.0,47.0,C,12.897531568451504
120,1106935,824287639,969204698,1.0,27119.0,17557.0,1.0,4.0,2.0,0.0,1.0,0.0,0.0,0.0,50.0,3764.0,27109.0,21617.0,17.0,11.0,6.0,21.0,98.0,B,10.851991578447349
121,203966,891074857,838437818,0.0,10136.0,6331.0,4.0,10.0,0.0,0.0,0.0,2681.0,0.0,0.0,19.0,1307.0,10092.0,6046.0,8.0,7.0,14.0,18.0,68.0,C,10.072192280826192
122,4705936,899214254,837688833,0.0,10141.0,6940.0,2.0,1.0,0.0,0.0,0.0,10105.0,0.0,0.0,16.0,1525.0,10141.0,8948.0,3.0,11.0,0.0,9.0,42.0,B,13.996143857119613
123,4345275,854525203,946589527,1.0,33083.0,20432.0,6.0,24.0,0.0,2.0,1.0,6312.0,5.0,0.0,46.0,4755.0,32771.0,23442.0,10.0,7.0,40.0,72.0,188.0,FA,5.391892623135933
124,1214247,836172812,864932331,1.0,4806.0,2743.0,5.0,4.0,0.0,0.0,1.0,2012.0,0.0,0.0,3.0,566.0,4804.0,2758.0,8.0,4.0,4.0,15.0,40.0,Start,12.772368425497495
125,4174969,831959684,924331774,1.0,9436.0,5756.0,6.0,2.0,0.0,0.0,0.0,6837.0,0.0,0.0,9.0,1222.0,9430.0,7089.0,8.0,7.0,3.0,11.0,88.0,C,12.34748523153223
126,1143734,952695430,853151391,0.0,17279.0,10589.0,2.0,16.0,0.0,0.0,0.0,374.0,0.0,0.0,25.0,2358.0,17238.0,9751.0,2.0,7.0,17.0,23.0,57.0,C,12.470087553624564
127,38216954,835304467,929788552,1.0,1641.0,978.0,1.0,1.0,0.0,0.0,0.0,513.0,0.0,0.0,0.0,197.0,1641.0,1119.0,1.0,2.0,1.0,6.0,19.0,Stub,10.942142675441646
128,13723440,949563460,859775355,0.0,5752.0,3005.0,8.0,0.0,0.0,0.0,1.0,1105.0,0.0,0.0,2.0,577.0,5750.0,3501.0,9.0,2.0,15.0,5.0,40.0,Start,12.772368425497495
129,303238,922707639,927195229,1.0,1024.0,534.0,2.0,1.0,0.0,0.0,0.0,0.0,0.0,0.0,1.0,113.0,1023.0,370.0,1.0,3.0,1.0,8.0,6.0,Stub,11.400889150162747
130,17752,837019433,832889377,0.0,109014.0,60684.0,13.0,90.0,7.0,6.0,1.0,4951.0,0.0,0.0,98.0,12836.0,108539.0,61857.0,162.0,11.0,160.0,192.0,609.0,B,6.688941542354874
131,185007,958878983,924398840,0.0,17234.0,11026.0,15.0,7.0,3.0,0.0,1.0,4129.0,0.0,0.0,20.0,2227.0,17225.0,6688.0,6.0,9.0,7.0,46.0,107.0,C,12.966524439938452
132,28208037,916851585,890542251,0.0,496.0,336.0,11.0,0.0,0.0,0.0,0.0,496.0,0.0,0.0,0.0,61.0,496.0,447.0,0.0,0.0,0.0,0.0,12.0,Stub,12.23828593956724
133,643807,938035333,952362909,1.0,15895.0,10041.0,13.0,7.0,0.0,0.0,1.0,0.0,0.0,0.0,12.0,2201.0,15874.0,11035.0,8.0,4.0,16.0,12.0,126.0,C,10.642737139293803
134,12376566,947786636,839895277,0.0,14343.0,8585.0,4.0,4.0,0.0,0.0,1.0,8849.0,0.0,0.0,14.0,1877.0,14329.0,9580.0,8.0,7.0,4.0,12.0,90.0,C,15.605581769553712
135,22218,934854287,899516407,0.0,121740.0,63668.0,5.0,106.0,3.0,0.0,1.0,3333.0,0.0,0.0,117.0,13064.0,121512.0,58741.0,196.0,13.0,128.0,178.0,762.0,B,4.546944077389218
136,1196887,820542303,900213559,1.0,70937.0,38248.0,13.0,39.0,4.0,0.0,1.0,0.0,0.0,0.0,97.0,8559.0,70849.0,42735.0,105.0,9.0,58.0,89.0,476.0,B,9.470016878471974
137,5810455,930488081,865950761,0.0,2882.0,1466.0,1.0,1.0,0.0,0.0,1.0,2276.0,0.0,0.0,0.0,219.0,2882.0,368.0,2.0,2.0,1.0,9.0,14.0,Stub,13.996143857119613
138,3912176,903615998,960483165,1.0,7912.0,4738.0,8.0,11.0,0.0,0.0,0.0,545.0,0.0,0.0,17.0,1057.0,7906.0,4850.0,11.0,6.0,15.0,15.0,36.0,C,15.605581769553712
139,3645259,922346404,904926539,0.0,29015.0,19837.0,1.0,2.0,2.0,0.0,1.0,27789.0,0.0,1.0,44.0,3960.0,29003.0,24225.0,13.0,7.0,2.0,19.0,66.0,C,11.693558764125568
140,50691,855014506,826073703,0.0,13474.0,8202.0,9.0,12.0,0.0,0.0,0.0,4124.0,0.0,0.0,17.0,1683.0,13453.0,7929.0,16.0,9.0,14.0,26.0,101.0,C,9.41321928007884
141,15423830,877215853,825514667,0.0,1706.0,924.0,4.0,1.0,0.0,0.0,1.0,0.0,0.0,0.0,0.0,196.0,1706.0,701.0,1.0,2.0,1.0,7.0,22.0,Stub,13.996143857119613
142,60413,970761360,959980367,0.0,60283.0,35475.0,14.0,40.0,3.0,30.0,2.0,4664.0,0.0,0.0,62.0,7905.0,59894.0,32839.0,49.0,11.0,75.0,80.0,243.0,C,8.785565404879582
143,6100,832599015,900675764,1.0,15821.0,9301.0,16.0,5.0,4.0,0.0,1.0,3241.0,0.0,0.0,13.0,1842.0,15648.0,8915.0,18.0,6.0,15.0,50.0,118.0,C,8.321446963358508
144,52591861,911840268,835852032,0.0,13432.0,8440.0,1.0,1.0,0.0,0.0,0.0,5427.0,0.0,0.0,14.0,1776.0,13340.0,11011.0,10.0,12.0,2.0,9.0,42.0,C,13.996143857119613
145,15715221,934107326,827060771,0.0,2291.0,1294.0,4.0,0.0,1.0,0.0,1.0,1559.0,0.0,0.0,2.0,260.0,2291.0,1408.0,3.0,3.0,1.0,7.0,12.0,Stub,15.605581769553712
146,220465,882607064,941415745,1.0,7629.0,4400.0,4.0,7.0,0.0,3.0,1.0,449.0,0.0,0.0,9.0,912.0,7596.0,3732.0,5.0,3.0,10.0,16.0,48.0,C,11.545138759007294
147,8450319,917717322,931377618,1.0,6415.0,4067.0,2.0,1.0,0.0,0.0,0.0,4914.0,0.0,0.0,17.0,935.0,6415.0,5375.0,4.0,4.0,2.0,5.0,39.0,Start,15.605581769553712
148,50380127,839949370,976426079,1.0,5994.0,3258.0,3.0,1.0,0.0,0.0,1.0,0.0,0.0,0.0,0.0,629.0,5993.0,2723.0,8.0,5.0,8.0,25.0,44.0,Start,14.506969480885603
149,50691,826073703,855014506,1.0,13547.0,8312.0,9.0,11.0,0.0,0.0,0.0,4450.0,0.0,0.0,16.0,1694.0,13526.0,7882.0,15.0,9.0,13.0,27.0,108.0,C,9.41321928007884
150,2374452,905065627,821023638,0.0,6479.0,3402.0,1.0,4.0,1.0,0.0,1.0,3805.0,0.0,0.0,4.0,697.0,6430.0,3403.0,13.0,3.0,4.0,11.0,55.0,Start,15.605581769553712
151,3149941,826455889,826462488,1.0,10300.0,6169.0,5.0,8.0,0.0,0.0,0.0,5623.0,0.0,0.0,12.0,1283.0,10272.0,6282.0,11.0,8.0,8.0,15.0,57.0,C,10.88708289825862
152,2709917,886300251,937797783,1.0,6811.0,4406.0,5.0,1.0,0.0,0.0,0.0,4098.0,0.0,0.0,10.0,935.0,6804.0,5720.0,5.0,5.0,2.0,5.0,40.0,Start,14.912434588993769
153,52884683,847749015,922478691,1.0,6223.0,3627.0,1.0,8.0,0.0,0.0,0.0,95.0,0.0,0.0,6.0,756.0,6207.0,3429.0,7.0,4.0,14.0,11.0,28.0,C,11.400889150162747
154,158772,903196912,962093762,1.0,28410.0,17247.0,7.0,11.0,10.0,0.0,2.0,9440.0,0.0,0.0,79.0,3899.0,27862.0,19884.0,12.0,9.0,22.0,144.0,141.0,C,7.93096427218935
155,4685264,873437732,882709549,1.0,30557.0,19146.0,13.0,0.0,6.0,0.0,0.0,23110.0,0.0,1.0,44.0,3881.0,30234.0,24532.0,25.0,11.0,9.0,49.0,196.0,B,10.89605156824138
156,1283031,947911786,866343876,0.0,10110.0,6783.0,17.0,1.0,0.0,0.0,1.0,10096.0,0.0,0.0,13.0,1614.0,10110.0,8667.0,0.0,5.0,2.0,6.0,61.0,C,13.996143857119613
157,17238662,837952523,868494168,1.0,56957.0,34087.0,21.0,37.0,9.0,0.0,1.0,21425.0,0.0,0.0,64.0,7168.0,56881.0,35834.0,54.0,14.0,54.0,121.0,375.0,C,7.547570968751628
158,24549041,960925941,830413936,0.0,27601.0,18288.0,24.0,1.0,1.0,0.0,1.0,23891.0,0.0,0.0,76.0,4315.0,27571.0,23637.0,5.0,6.0,2.0,12.0,104.0,B,12.079221244937552
159,2885385,942513631,860718060,0.0,3988.0,2345.0,0.0,4.0,0.0,0.0,1.0,2015.0,2.0,0.0,2.0,463.0,3981.0,1426.0,1.0,5.0,1.0,23.0,20.0,Start,11.24887294286412
160,6554851,859480138,952003228,1.0,7816.0,4736.0,4.0,2.0,0.0,0.0,1.0,2008.0,0.0,0.0,4.0,990.0,7788.0,4946.0,4.0,4.0,2.0,13.0,61.0,Start,15.605581769553712
161,2198556,900132157,825540643,0.0,8057.0,4711.0,5.0,7.0,0.0,0.0,0.0,1476.0,0.0,0.0,7.0,1078.0,8029.0,4945.0,9.0,7.0,11.0,15.0,62.0,C,13.996143857119613
162,1558004,852770397,851107368,0.0,45834.0,27064.0,17.0,10.0,0.0,0.0,1.0,21557.0,0.0,0.0,53.0,6036.0,45759.0,33014.0,36.0,9.0,58.0,42.0,350.0,B,10.96119087041234
163,38815675,827316153,819534416,0.0,8082.0,3922.0,2.0,17.0,0.0,0.0,1.0,8070.0,0.0,0.0,20.0,887.0,8078.0,3193.0,18.0,4.0,21.0,20.0,17.0,GA,13.996143857119613
164,58959,945103350,886646841,0.0,29594.0,15788.0,8.0,42.0,0.0,0.0,1.0,1576.0,0.0,0.0,42.0,3336.0,29559.0,14373.0,46.0,7.0,54.0,62.0,140.0,GA,14.912434588993769
165,6100,900675764,832599015,0.0,19081.0,10472.0,16.0,9.0,3.0,0.0,1.0,0.0,0.0,0.0,19.0,2112.0,18903.0,9600.0,27.0,5.0,19.0,57.0,123.0,C,8.321446963358508
166,1709293,840474263,832026527,0.0,22274.0,12828.0,4.0,1.0,0.0,0.0,0.0,3683.0,0.0,0.0,8.0,1821.0,22246.0,13103.0,7.0,4.0,2.0,22.0,536.0,Start,10.09215302338873
167,35577272,957062639,928611767,0.0,5016.0,2802.0,1.0,1.0,0.0,0.0,1.0,4230.0,0.0,0.0,2.0,460.0,5014.0,1970.0,5.0,6.0,1.0,14.0,40.0,Start,11.06228698728371
168,825226,901857242,979469668,1.0,14463.0,8800.0,3.0,8.0,0.0,0.0,0.0,8939.0,0.0,0.0,21.0,1946.0,14435.0,9956.0,10.0,5.0,10.0,15.0,140.0,C,10.785300203948676
169,30896208,918954781,919331201,1.0,2340.0,1553.0,2.0,0.0,0.0,0.0,0.0,2311.0,0.0,0.0,3.0,298.0,2319.0,1787.0,0.0,5.0,0.0,5.0,34.0,Start,15.605581769553712
170,60413,959980367,970761360,1.0,50701.0,30727.0,14.0,32.0,3.0,19.0,2.0,4629.0,0.0,0.0,63.0,6854.0,50374.0,31607.0,41.0,11.0,66.0,72.0,227.0,C,8.785565404879582
171,203966,838437818,891074857,1.0,9636.0,6059.0,4.0,9.0,0.0,0.0,0.0,2800.0,0.0,0.0,17.0,1259.0,9600.0,6059.0,8.0,7.0,13.0,16.0,64.0,C,10.072192280826192
172,4624749,863767357,857992794,0.0,24580.0,12146.0,6.0,38.0,1.0,0.0,1.0,5591.0,0.0,0.0,24.0,2646.0,24540.0,11457.0,50.0,6.0,42.0,52.0,149.0,C,10.970852781324076
173,23277544,831556190,909951389,1.0,1659.0,995.0,3.0,1.0,0.0,0.0,0.0,1655.0,0.0,0.0,3.0,182.0,1657.0,617.0,1.0,1.0,1.0,6.0,13.0,Stub,13.813822300325658
174,324628,837337281,837186179,0.0,12993.0,8133.0,1.0,3.0,1.0,0.0,0.0,7761.0,0.0,0.0,19.0,1889.0,12987.0,10384.0,2.0,8.0,22.0,12.0,86.0,C,10.96119087041234
175,5006669,941264047,916107870,0.0,20436.0,9957.0,6.0,27.0,0.0,0.0,1.0,570.0,0.0,0.0,8.0,1951.0,20409.0,8269.0,36.0,7.0,34.0,41.0,169.0,GA,10.385225944475389
176,15981611,836372380,969211538,1.0,3768.0,1934.0,1.0,0.0,0.0,0.0,1.0,2739.0,0.0,0.0,1.0,317.0,3767.0,1410.0,5.0,3.0,2.0,9.0,21.0,Stub,13.302996676559667
177,4798331,942277351,873843693,0.0,10610.0,5529.0,8.0,14.0,0.0,0.0,1.0,314.0,0.0,0.0,10.0,1157.0,10600.0,5491.0,24.0,9.0,17.0,26.0,27.0,C,11.867912151270344
178,56258277,827172269,823725364,0.0,3250.0,1888.0,2.0,1.0,0.0,0.0,1.0,1537.0,0.0,0.0,2.0,394.0,3239.0,1920.0,2.0,3.0,2.0,3.0,35.0,Start,13.6596716204984
179,3035354,873822374,882892158,1.0,2535.0,1425.0,3.0,1.0,0.0,0.0,0.0,2525.0,0.0,0.0,4.0,309.0,2525.0,1793.0,2.0,5.0,1.0,9.0,7.0,Stub,15.605581769553712
180,849914,937965460,825532230,0.0,4151.0,2341.0,5.0,1.0,1.0,0.0,1.0,4118.0,0.0,0.0,9.0,507.0,4124.0,2538.0,5.0,5.0,2.0,10.0,37.0,Start,12.386705944685511
181,47290774,819700454,929873921,1.0,5093.0,2615.0,3.0,5.0,0.0,0.0,0.0,0.0,0.0,0.0,0.0,534.0,5078.0,2301.0,7.0,4.0,9.0,12.0,68.0,Start,13.996143857119613
182,178471,832995866,819163388,0.0,22431.0,12481.0,4.0,14.0,0.0,0.0,1.0,7187.0,0.0,0.0,14.0,2650.0,22261.0,11442.0,22.0,11.0,19.0,49.0,166.0,C,10.517985434321329
183,3908869,950005553,896448841,0.0,4201.0,2465.0,3.0,4.0,0.0,0.0,1.0,978.0,0.0,0.0,13.0,579.0,4199.0,2909.0,8.0,2.0,6.0,10.0,16.0,Start,13.526140227873876
184,2212694,887451933,882597265,0.0,12869.0,6745.0,10.0,12.0,0.0,0.0,1.0,921.0,0.0,0.0,22.0,1406.0,12831.0,7421.0,23.0,7.0,18.0,22.0,107.0,C,13.996143857119613
185,22912979,827402048,920517822,1.0,1940.0,1131.0,1.0,0.0,0.0,0.0,1.0,1009.0,0.0,0.0,1.0,184.0,1940.0,856.0,0.0,2.0,3.0,8.0,11.0,Stub,13.813822300325658
186,783778,961832087,928304230,0.0,21096.0,11357.0,6.0,16.0,0.0,0.0,1.0,2816.0,0.0,0.0,19.0,2507.0,21062.0,10178.0,30.0,5.0,29.0,36.0,147.0,GA,14.21928740843382
187,50634896,902678090,901457598,0.0,15443.0,8358.0,1.0,23.0,0.0,6.0,1.0,6800.0,0.0,0.0,6.0,1668.0,15419.0,5759.0,26.0,10.0,23.0,38.0,60.0,C,14.912434588993769
188,1358369,825530423,880972064,1.0,3558.0,1810.0,6.0,6.0,0.0,0.0,1.0,423.0,0.0,0.0,5.0,387.0,3556.0,1404.0,6.0,2.0,6.0,13.0,29.0,Start,13.996143857119613
189,33137258,932438849,895418186,0.0,1156.0,657.0,6.0,0.0,0.0,0.0,1.0,1151.0,0.0,0.0,1.0,123.0,1156.0,623.0,0.0,2.0,0.0,3.0,13.0,Stub,14.506969480885603
190,55844468,841593684,964900374,1.0,2683.0,1553.0,3.0,1.0,0.0,0.0,1.0,865.0,0.0,0.0,2.0,308.0,2683.0,1435.0,2.0,4.0,4.0,6.0,22.0,Start,14.912434588993769
191,50634896,901457598,902678090,1.0,15179.0,8293.0,1.0,22.0,0.0,6.0,1.0,7342.0,0.0,0.0,6.0,1658.0,15155.0,5550.0,25.0,9.0,22.0,42.0,60.0,C,14.912434588993769
192,15861024,936177444,965425919,1.0,1402.0,700.0,1.0,0.0,0.0,0.0,1.0,1395.0,0.0,0.0,0.0,137.0,1397.0,146.0,0.0,1.0,0.0,11.0,10.0,Stub,15.605581769553712
193,8558561,852396258,919085011,1.0,7407.0,4198.0,13.0,3.0,0.0,0.0,1.0,2127.0,0.0,0.0,3.0,837.0,7351.0,3168.0,5.0,5.0,3.0,17.0,45.0,Start,14.21928740843382
194,1007331,829685174,894220768,1.0,25628.0,14360.0,6.0,17.0,7.0,0.0,0.0,458.0,0.0,0.0,21.0,2927.0,25577.0,13785.0,26.0,8.0,45.0,43.0,81.0,C,11.654338050972283
195,371334,874447208,897643413,1.0,6679.0,3437.0,19.0,7.0,0.0,0.0,1.0,653.0,0.0,0.0,4.0,714.0,6597.0,2593.0,11.0,4.0,11.0,13.0,48.0,Start,12.079221244937552
196,33002570,966189503,851818035,0.0,3832.0,2480.0,4.0,0.0,0.0,0.0,1.0,3818.0,0.0,0.0,9.0,546.0,3820.0,2674.0,0.0,5.0,1.0,11.0,33.0,Start,14.21928740843382
197,143364,895566587,893838052,0.0,2460.0,1712.0,3.0,0.0,0.0,0.0,0.0,2453.0,0.0,0.0,6.0,379.0,2460.0,2116.0,0.0,1.0,0.0,1.0,22.0,Start,13.120675119765712
198,7401624,892100489,935287962,1.0,3521.0,2127.0,2.0,0.0,0.0,0.0,1.0,2410.0,0.0,0.0,4.0,479.0,3521.0,2699.0,0.0,4.0,5.0,5.0,31.0,Start,14.21928740843382
199,41680,839173160,821171629,0.0,14028.0,9184.0,6.0,0.0,0.0,0.0,0.0,13248.0,0.0,0.0,21.0,2013.0,14026.0,12258.0,1.0,8.0,2.0,5.0,108.0,B,9.981564263366376
200,187739,865713661,839307119,0.0,12567.0,7101.0,1.0,13.0,0.0,0.0,0.0,7708.0,0.0,0.0,12.0,1518.0,12541.0,6972.0,14.0,8.0,29.0,17.0,42.0,C,14.912434588993769
201,41680,821171629,839173160,1.0,13990.0,9150.0,6.0,0.0,0.0,0.0,0.0,13210.0,0.0,0.0,21.0,2007.0,13988.0,12215.0,1.0,8.0,2.0,6.0,107.0,B,9.981564263366376
202,37575,835854486,846757212,1.0,58759.0,37519.0,3.0,16.0,6.0,0.0,0.0,37210.0,0.0,0.0,107.0,8065.0,58721.0,47161.0,32.0,15.0,26.0,54.0,437.0,B,4.306233262028482
203,1583605,941302548,923582397,0.0,8302.0,4927.0,1.0,11.0,0.0,0.0,0.0,785.0,0.0,0.0,6.0,1139.0,8292.0,5572.0,12.0,6.0,15.0,14.0,9.0,C,10.342891580648828
204,1331788,873275682,906362751,1.0,45101.0,27269.0,15.0,21.0,0.0,0.0,1.0,3741.0,0.0,0.0,39.0,5706.0,45035.0,30738.0,30.0,8.0,25.0,121.0,205.0,C,10.990461252712452
205,1137348,955315588,882060755,0.0,30503.0,19020.0,7.0,7.0,2.0,0.0,1.0,23735.0,0.0,0.0,39.0,4297.0,30272.0,23488.0,11.0,8.0,9.0,42.0,153.0,C,11.386074064377606
206,639,828587290,832043893,1.0,61624.0,35565.0,3.0,30.0,6.0,0.0,0.0,30706.0,0.0,0.0,72.0,7948.0,61381.0,41877.0,28.0,13.0,55.0,77.0,402.0,B,10.171859765999471
207,2250603,953891456,832547591,0.0,6906.0,4117.0,7.0,3.0,0.0,0.0,1.0,2832.0,0.0,0.0,0.0,844.0,6906.0,3734.0,5.0,6.0,3.0,23.0,86.0,Start,11.342901892512398
208,13277,950792694,927711791,0.0,96114.0,59338.0,19.0,46.0,2.0,0.0,1.0,33911.0,5.0,0.0,134.0,12781.0,95828.0,63848.0,58.0,10.0,103.0,132.0,659.0,B,15.605581769553712
209,2769012,911757598,947258833,1.0,68377.0,42160.0,12.0,6.0,3.0,0.0,1.0,34502.0,0.0,0.0,112.0,9348.0,66073.0,52975.0,10.0,12.0,8.0,17.0,169.0,B,11.371475264956452
210,6171183,934326043,964596048,1.0,2339.0,1051.0,1.0,2.0,0.0,0.0,1.0,221.0,0.0,0.0,1.0,202.0,2325.0,668.0,5.0,2.0,3.0,9.0,13.0,Stub,13.120675119765712
211,803661,948879288,863951148,0.0,88794.0,53255.0,4.0,60.0,0.0,2.0,0.0,14501.0,2.0,0.0,69.0,11312.0,88694.0,56699.0,68.0,7.0,106.0,156.0,816.0,FA,15.605581769553712
212,253854,946568902,854046314,0.0,68720.0,39796.0,8.0,12.0,1.0,0.0,1.0,14195.0,0.0,0.0,34.0,7945.0,68305.0,39509.0,20.0,9.0,19.0,75.0,1029.0,C,11.371475264956452
213,35584545,963338406,860428665,0.0,3115.0,1608.0,4.0,3.0,0.0,0.0,1.0,0.0,0.0,0.0,1.0,319.0,3113.0,1096.0,3.0,4.0,3.0,10.0,33.0,Stub,14.21928740843382
214,21095663,907761895,829506162,0.0,84.0,52.0,0.0,0.0,0.0,0.0,0.0,84.0,0.0,0.0,0.0,12.0,84.0,42.0,0.0,0.0,0.0,2.0,1.0,Stub,13.996143857119613
215,24335022,825537573,913007385,1.0,5641.0,3314.0,4.0,2.0,0.0,0.0,1.0,5631.0,0.0,0.0,11.0,720.0,5639.0,3701.0,5.0,5.0,3.0,5.0,57.0,Start,13.040632412092176
216,41527038,936828499,930467284,0.0,6629.0,3347.0,4.0,12.0,0.0,0.0,1.0,0.0,0.0,0.0,8.0,736.0,6627.0,2383.0,12.0,3.0,13.0,19.0,19.0,Start,12.470087553624564
217,52807795,951976351,949894092,0.0,523.0,385.0,0.0,0.0,0.0,0.0,0.0,516.0,0.0,0.0,0.0,91.0,516.0,516.0,0.0,0.0,0.0,0.0,0.0,Stub,15.605581769553712
218,178471,819163388,832995866,1.0,19696.0,10843.0,3.0,9.0,0.0,0.0,1.0,5472.0,0.0,0.0,10.0,2328.0,19539.0,9757.0,19.0,10.0,15.0,38.0,144.0,C,10.517985434321329
219,514209,978896051,914373114,0.0,27223.0,15729.0,8.0,32.0,4.0,0.0,1.0,5484.0,0.0,0.0,24.0,3402.0,27174.0,14035.0,40.0,10.0,36.0,74.0,142.0,C,15.605581769553712
220,52884683,922478691,847749015,0.0,6179.0,3603.0,1.0,8.0,0.0,0.0,0.0,95.0,0.0,0.0,6.0,751.0,6163.0,3429.0,7.0,4.0,14.0,10.0,28.0,C,11.400889150162747
221,1817034,826435275,972599790,1.0,11200.0,5622.0,5.0,2.0,0.0,0.0,1.0,8621.0,0.0,0.0,6.0,1141.0,11199.0,3614.0,26.0,5.0,2.0,20.0,51.0,Start,13.996143857119613
222,58296006,907295099,856811889,0.0,26.0,19.0,0.0,0.0,0.0,0.0,0.0,26.0,0.0,0.0,0.0,3.0,26.0,21.0,0.0,0.0,0.0,0.0,1.0,Stub,14.506969480885603
223,744621,874158136,898186062,1.0,13688.0,8239.0,3.0,5.0,0.0,0.0,0.0,4192.0,0.0,0.0,12.0,1808.0,13686.0,9818.0,11.0,5.0,9.0,10.0,110.0,C,15.605581769553712
224,61032,912919620,916422017,1.0,21019.0,12862.0,36.0,15.0,1.0,0.0,0.0,4121.0,0.0,0.0,29.0,2711.0,20952.0,15818.0,9.0,7.0,19.0,31.0,110.0,C,8.114494176018837
225,1205419,828180139,909196603,1.0,19633.0,11825.0,4.0,16.0,4.0,0.0,1.0,3584.0,0.0,0.0,25.0,2496.0,19623.0,13184.0,22.0,5.0,19.0,36.0,59.0,C,11.821392135635453
226,220465,941415745,882607064,0.0,9780.0,5914.0,4.0,10.0,1.0,3.0,1.0,1184.0,0.0,0.0,9.0,1213.0,9737.0,4142.0,3.0,4.0,12.0,21.0,48.0,C,11.545138759007294
227,75712,915611116,932597340,1.0,11870.0,7593.0,10.0,1.0,0.0,0.0,0.0,7819.0,0.0,0.0,18.0,1750.0,11840.0,9401.0,5.0,6.0,3.0,11.0,53.0,C,11.116945399821573
228,1283031,866343876,947911786,1.0,8220.0,5437.0,21.0,1.0,0.0,0.0,1.0,3189.0,0.0,0.0,10.0,1265.0,8220.0,6534.0,2.0,5.0,3.0,7.0,58.0,C,13.996143857119613
229,14272455,970189544,923038767,0.0,17139.0,11101.0,3.0,1.0,1.0,0.0,0.0,10051.0,0.0,0.0,26.0,2443.0,17133.0,14646.0,10.0,9.0,6.0,9.0,61.0,C,15.605581769553712
230,20053496,831690764,951845750,1.0,2363.0,1191.0,3.0,1.0,0.0,0.0,0.0,0.0,0.0,0.0,0.0,190.0,2357.0,882.0,2.0,3.0,1.0,7.0,41.0,Stub,13.040632412092176
231,7401624,935287962,892100489,0.0,70.0,46.0,0.0,0.0,0.0,0.0,0.0,70.0,0.0,0.0,0.0,9.0,70.0,65.0,0.0,0.0,0.0,0.0,1.0,Stub,14.21928740843382
232,393311,861115986,857914178,0.0,5027.0,3038.0,1.0,1.0,0.0,0.0,0.0,2632.0,0.0,0.0,4.0,695.0,5023.0,3514.0,4.0,5.0,6.0,6.0,16.0,Start,14.912434588993769
233,40882513,906294874,961679282,1.0,5021.0,2670.0,6.0,7.0,4.0,0.0,1.0,0.0,0.0,0.0,0.0,551.0,5021.0,1928.0,8.0,4.0,9.0,15.0,30.0,Start,15.605581769553712
234,18962267,859925781,909283021,1.0,24017.0,15312.0,6.0,6.0,4.0,2.0,0.0,14292.0,0.0,0.0,55.0,3643.0,23979.0,19114.0,7.0,9.0,3.0,38.0,203.0,C,6.714345340037651
235,52122696,967472246,907598533,0.0,2090.0,1421.0,1.0,0.0,0.0,0.0,0.0,2082.0,0.0,0.0,3.0,284.0,2090.0,1740.0,0.0,3.0,0.0,6.0,14.0,Stub,14.912434588993769
236,54720382,891723828,907821481,1.0,1668.0,912.0,2.0,1.0,0.0,0.0,0.0,1140.0,0.0,0.0,0.0,185.0,1668.0,958.0,2.0,2.0,1.0,8.0,11.0,Stub,15.605581769553712
237,1174169,827302711,970674043,1.0,9960.0,5417.0,6.0,12.0,3.0,0.0,1.0,0.0,0.0,0.0,5.0,1124.0,9950.0,5222.0,15.0,7.0,13.0,23.0,67.0,C,10.923450542429492
238,2879834,957954063,893321122,0.0,13858.0,8122.0,2.0,13.0,0.0,0.0,1.0,9141.0,0.0,0.0,18.0,1756.0,13846.0,8014.0,19.0,8.0,10.0,29.0,29.0,C,14.21928740843382
239,942390,823764420,837798539,1.0,21984.0,12126.0,11.0,25.0,0.0,0.0,1.0,5422.0,0.0,0.0,7.0,2650.0,21934.0,11202.0,29.0,6.0,31.0,39.0,136.0,GA,10.307264403005677
240,58959,886646841,945103350,1.0,28258.0,15081.0,8.0,39.0,0.0,0.0,1.0,1581.0,0.0,0.0,40.0,3198.0,28223.0,13890.0,43.0,7.0,47.0,59.0,135.0,GA,14.912434588993769
241,13295157,828624771,827132241,0.0,2819.0,1560.0,1.0,3.0,0.0,0.0,0.0,0.0,0.0,0.0,1.0,288.0,2817.0,1123.0,5.0,1.0,7.0,9.0,14.0,Stub,13.996143857119613
242,32423997,863797081,830618507,0.0,19839.0,12442.0,23.0,7.0,0.0,0.0,4.0,13833.0,0.0,0.0,23.0,2654.0,19589.0,4764.0,10.0,4.0,7.0,51.0,79.0,C,14.21928740843382
243,38890,884262915,914803493,1.0,48376.0,30221.0,2.0,17.0,0.0,0.0,0.0,21180.0,104.0,0.0,58.0,6440.0,48287.0,34947.0,20.0,8.0,8.0,150.0,365.0,FA,13.040632412092176
244,326107,840211365,867205553,1.0,49184.0,32548.0,6.0,8.0,6.0,0.0,1.0,23139.0,0.0,0.0,87.0,7288.0,49136.0,42386.0,14.0,7.0,15.0,27.0,179.0,C,11.755434167843656
245,37061293,835683443,922758709,1.0,1868.0,1111.0,2.0,1.0,0.0,0.0,0.0,1862.0,0.0,0.0,3.0,209.0,1866.0,766.0,1.0,1.0,4.0,9.0,13.0,Stub,14.912434588993769
246,5810455,865950761,930488081,1.0,3316.0,1744.0,1.0,1.0,0.0,0.0,1.0,2556.0,0.0,0.0,1.0,277.0,3316.0,709.0,2.0,2.0,1.0,11.0,17.0,Stub,13.996143857119613
247,27784645,908503610,916422141,1.0,9657.0,5435.0,3.0,2.0,0.0,0.0,1.0,6462.0,0.0,0.0,7.0,1156.0,9635.0,3722.0,3.0,5.0,2.0,22.0,38.0,Start,13.302996676559667
248,143364,893838052,895566587,1.0,3293.0,2141.0,3.0,2.0,0.0,0.0,0.0,2337.0,1.0,0.0,8.0,447.0,3270.0,2157.0,0.0,2.0,2.0,9.0,41.0,Start,13.120675119765712
249,1093780,932039789,831836019,0.0,5338.0,3024.0,6.0,4.0,0.0,0.0,0.0,478.0,0.0,0.0,5.0,611.0,5326.0,2424.0,4.0,5.0,10.0,22.0,53.0,Start,10.253723636077646
250,2137002,971939489,820686989,0.0,21371.0,12290.0,2.0,4.0,3.0,0.0,0.0,408.0,0.0,0.0,16.0,2658.0,21267.0,16477.0,11.0,9.0,6.0,14.0,105.0,C,11.635289856001592
251,868235,922169256,840559414,0.0,4971.0,2942.0,3.0,5.0,0.0,0.0,1.0,1935.0,0.0,0.0,1.0,624.0,4951.0,2706.0,5.0,7.0,5.0,17.0,44.0,Start,10.970852781324076
252,31022857,895060513,884479637,0.0,23082.0,13813.0,2.0,37.0,1.0,0.0,1.0,0.0,0.0,0.0,15.0,2869.0,22983.0,6750.0,8.0,5.0,47.0,43.0,35.0,B,13.302996676559667
253,942390,837798539,823764420,0.0,22515.0,12313.0,11.0,27.0,0.0,0.0,1.0,5445.0,0.0,0.0,7.0,2688.0,22465.0,11197.0,30.0,6.0,33.0,46.0,136.0,GA,10.307264403005677
254,52831846,902433864,902432472,0.0,3817.0,1956.0,5.0,2.0,0.0,0.0,1.0,0.0,0.0,0.0,0.0,425.0,3815.0,406.0,1.0,1.0,2.0,7.0,9.0,Stub,15.605581769553712
255,3436572,831570138,839072953,1.0,4631.0,2868.0,11.0,3.0,0.0,0.0,0.0,2221.0,0.0,0.0,7.0,625.0,4599.0,3166.0,3.0,4.0,4.0,10.0,43.0,Start,12.897531568451504
256,6322083,825462450,825389723,0.0,26520.0,14170.0,3.0,13.0,0.0,4.0,1.0,4236.0,0.0,0.0,19.0,3080.0,26495.0,14208.0,31.0,10.0,40.0,74.0,81.0,GA,11.386074064377606
257,61032,916422017,912919620,0.0,19020.0,11700.0,37.0,6.0,1.0,0.0,0.0,5247.0,0.0,0.0,25.0,2479.0,18955.0,16157.0,9.0,7.0,18.0,18.0,111.0,C,8.114494176018837
258,16301245,897736077,925935238,1.0,1034.0,533.0,5.0,0.0,0.0,0.0,1.0,1022.0,0.0,0.0,0.0,98.0,1024.0,216.0,0.0,1.0,0.0,6.0,13.0,Stub,15.605581769553712
259,394625,825538577,879108080,1.0,6266.0,3663.0,3.0,3.0,7.0,2.0,1.0,0.0,0.0,0.0,13.0,822.0,6253.0,2887.0,5.0,7.0,11.0,26.0,31.0,C,12.386705944685511
260,31628381,898661635,948102171,1.0,9857.0,6418.0,8.0,0.0,1.0,0.0,1.0,6832.0,0.0,0.0,26.0,1464.0,9853.0,7845.0,1.0,8.0,2.0,8.0,81.0,C,13.120675119765712
261,1341012,964790217,978204393,1.0,8952.0,5174.0,3.0,3.0,0.0,0.0,1.0,4782.0,0.0,0.0,8.0,995.0,8936.0,3437.0,4.0,6.0,5.0,16.0,45.0,C,11.755434167843656
262,3369226,833038305,870508731,1.0,20222.0,12367.0,2.0,9.0,0.0,0.0,1.0,2491.0,0.0,0.0,33.0,2546.0,20076.0,12477.0,20.0,13.0,13.0,36.0,118.0,C,10.435097774515562
263,2597318,907425549,939185715,1.0,6846.0,4193.0,3.0,1.0,0.0,0.0,0.0,6810.0,0.0,0.0,12.0,922.0,6836.0,5426.0,6.0,6.0,1.0,11.0,43.0,C,14.912434588993769
264,500043,892100547,941259814,1.0,12077.0,7496.0,3.0,1.0,0.0,0.0,1.0,6989.0,0.0,0.0,19.0,1648.0,12074.0,9412.0,3.0,6.0,15.0,6.0,96.0,C,12.715210011657549
265,44476596,836146616,932872474,1.0,3511.0,1676.0,4.0,7.0,0.0,0.0,0.0,0.0,0.0,0.0,7.0,390.0,3508.0,1141.0,9.0,2.0,8.0,11.0,16.0,Start,13.996143857119613
266,30105827,876047348,921850039,1.0,1963.0,1181.0,2.0,0.0,2.0,0.0,0.0,1388.0,0.0,0.0,4.0,243.0,1953.0,1649.0,3.0,6.0,2.0,4.0,19.0,Start,13.526140227873876
267,23300895,871498324,834453247,0.0,245.0,159.0,4.0,0.0,0.0,0.0,0.0,245.0,0.0,0.0,0.0,29.0,245.0,174.0,0.0,0.0,0.0,0.0,5.0,Stub,15.605581769553712
268,351661,892891411,853021110,0.0,46500.0,24206.0,3.0,60.0,0.0,0.0,0.0,3809.0,0.0,0.0,45.0,5139.0,46489.0,25874.0,108.0,9.0,77.0,104.0,132.0,B,14.912434588993769
269,1158924,902939585,846188096,0.0,45851.0,28029.0,8.0,26.0,0.0,0.0,0.0,10102.0,0.0,0.0,68.0,6512.0,45799.0,32687.0,52.0,11.0,35.0,59.0,244.0,B,9.981564263366376
270,27257917,950439130,854122164,0.0,12459.0,7243.0,3.0,0.0,0.0,0.0,1.0,12451.0,0.0,0.0,9.0,1439.0,12455.0,10574.0,4.0,6.0,0.0,5.0,36.0,Start,14.506969480885603
271,1525146,963803073,960952467,0.0,30800.0,17241.0,10.0,17.0,0.0,0.0,1.0,8390.0,0.0,0.0,20.0,3519.0,30643.0,18790.0,27.0,7.0,28.0,32.0,183.0,C,10.337723610490384
272,56232,919985107,873229718,0.0,38724.0,23699.0,4.0,28.0,6.0,0.0,0.0,9704.0,0.0,0.0,53.0,5340.0,38591.0,27766.0,29.0,12.0,43.0,60.0,249.0,B,6.39965110606623
273,7546262,932483409,822975334,0.0,33015.0,19986.0,3.0,9.0,0.0,0.0,1.0,24596.0,0.0,0.0,49.0,4401.0,32994.0,24790.0,19.0,11.0,45.0,32.0,130.0,B,11.116945399821573
274,514135,821386638,891121177,1.0,20871.0,13453.0,3.0,6.0,0.0,0.0,0.0,13929.0,0.0,0.0,28.0,3022.0,20871.0,17383.0,17.0,11.0,11.0,19.0,94.0,C,9.308472449619778
275,13986,870342062,929202479,1.0,48615.0,26652.0,3.0,35.0,1.0,0.0,1.0,14428.0,0.0,0.0,50.0,5480.0,48573.0,20254.0,74.0,12.0,39.0,128.0,479.0,C,6.600053992207016
276,53965963,837572752,888022504,1.0,5915.0,3340.0,4.0,0.0,0.0,0.0,1.0,5896.0,0.0,0.0,6.0,753.0,5914.0,3795.0,11.0,5.0,7.0,6.0,16.0,Start,13.996143857119613
277,986046,824794127,906402865,1.0,45517.0,26274.0,5.0,44.0,1.0,0.0,1.0,10227.0,0.0,0.0,52.0,5692.0,45387.0,23476.0,47.0,15.0,56.0,78.0,252.0,B,8.827935175918595
278,149242,880981679,957976680,1.0,13261.0,6925.0,9.0,1.0,0.0,0.0,1.0,5414.0,0.0,0.0,2.0,1360.0,13213.0,4159.0,2.0,4.0,3.0,12.0,64.0,C,9.878734021966515
279,56893022,848883417,945870946,1.0,1996.0,1138.0,0.0,0.0,0.0,0.0,1.0,1994.0,0.0,0.0,2.0,235.0,1996.0,1152.0,1.0,2.0,0.0,8.0,24.0,Stub,13.996143857119613
280,416803,940100936,917411878,0.0,37143.0,22524.0,9.0,23.0,0.0,0.0,0.0,4047.0,0.0,0.0,16.0,4832.0,37135.0,27330.0,37.0,10.0,80.0,42.0,115.0,GA,11.236133917086692
281,27066087,960572193,886868274,0.0,6578.0,3511.0,4.0,0.0,1.0,0.0,1.0,0.0,0.0,0.0,13.0,734.0,6578.0,3963.0,12.0,7.0,8.0,18.0,33.0,Start,14.506969480885603
282,75712,932597340,915611116,0.0,11887.0,7627.0,11.0,1.0,0.0,0.0,0.0,7749.0,0.0,0.0,18.0,1753.0,11856.0,9425.0,5.0,6.0,3.0,10.0,56.0,C,11.116945399821573
283,2285996,941747624,853023468,0.0,44.0,30.0,0.0,0.0,0.0,0.0,0.0,44.0,0.0,0.0,0.0,5.0,44.0,39.0,0.0,0.0,0.0,0.0,1.0,Stub,13.526140227873876
284,1064863,857745881,972157835,1.0,17048.0,9717.0,12.0,12.0,0.0,0.0,1.0,4676.0,1.0,0.0,11.0,2038.0,17042.0,10440.0,16.0,9.0,17.0,56.0,90.0,C,8.035654114311061
285,2645,839847838,916335011,1.0,19205.0,10586.0,6.0,15.0,0.0,0.0,1.0,865.0,8.0,0.0,14.0,2257.0,19165.0,8634.0,24.0,9.0,28.0,56.0,117.0,GA,8.685897919706301
286,56232,873229718,919985107,1.0,38663.0,23567.0,4.0,28.0,6.0,0.0,0.0,9730.0,0.0,0.0,53.0,5309.0,38530.0,27569.0,32.0,12.0,43.0,62.0,245.0,B,6.39965110606623
287,1438595,937946748,914950856,0.0,25750.0,15188.0,18.0,16.0,5.0,0.0,1.0,4110.0,0.0,0.0,46.0,3471.0,25730.0,16414.0,26.0,9.0,42.0,39.0,161.0,C,12.514539316195396
288,39850629,954269895,969778393,1.0,13454.0,7495.0,3.0,2.0,0.0,0.0,1.0,6510.0,0.0,0.0,6.0,1461.0,13445.0,8492.0,45.0,7.0,8.0,7.0,50.0,C,10.663939346944408
289,55844468,964900374,841593684,0.0,3008.0,1746.0,3.0,2.0,0.0,0.0,1.0,819.0,0.0,0.0,2.0,350.0,3007.0,1647.0,3.0,4.0,5.0,6.0,23.0,Start,14.912434588993769
290,2803252,830917611,823605259,0.0,5347.0,3341.0,5.0,3.0,0.0,0.0,0.0,5325.0,0.0,0.0,4.0,637.0,5333.0,3788.0,3.0,4.0,5.0,9.0,42.0,Start,13.996143857119613
291,185007,924398840,958878983,1.0,16623.0,10694.0,14.0,5.0,0.0,0.0,1.0,4129.0,0.0,0.0,20.0,2168.0,16616.0,6586.0,6.0,9.0,5.0,42.0,108.0,C,12.966524439938452
292,47542541,842355321,857958027,1.0,7146.0,4672.0,2.0,0.0,1.0,0.0,0.0,3765.0,0.0,0.0,10.0,1027.0,7144.0,6629.0,5.0,6.0,6.0,5.0,5.0,C,14.21928740843382
293,369440,847784113,918105747,1.0,11889.0,7516.0,12.0,6.0,0.0,0.0,1.0,4642.0,0.0,0.0,11.0,1629.0,11878.0,8695.0,6.0,7.0,9.0,16.0,33.0,C,14.912434588993769
294,16674,821392825,850879484,1.0,78172.0,43559.0,13.0,61.0,4.0,0.0,1.0,11506.0,0.0,0.0,86.0,9267.0,78062.0,44514.0,100.0,12.0,134.0,126.0,366.0,B,8.606159302045752
295,9347446,935656376,889452480,0.0,1408.0,732.0,3.0,0.0,0.0,0.0,1.0,558.0,0.0,0.0,1.0,146.0,1397.0,749.0,1.0,4.0,1.0,6.0,10.0,Stub,15.605581769553712
296,17428713,868626672,977352698,1.0,47506.0,27651.0,7.0,37.0,1.0,0.0,0.0,12632.0,0.0,0.0,48.0,5992.0,47434.0,31519.0,40.0,10.0,77.0,55.0,64.0,B,15.605581769553712
297,23691041,875506962,955944740,1.0,4877.0,2955.0,13.0,0.0,0.0,0.0,1.0,4380.0,0.0,0.0,4.0,647.0,4877.0,3528.0,2.0,5.0,2.0,4.0,40.0,Start,13.6596716204984
298,26755147,951465963,828147310,0.0,77.0,52.0,0.0,0.0,0.0,0.0,0.0,77.0,0.0,0.0,0.0,9.0,77.0,37.0,0.0,0.0,0.0,2.0,1.0,Stub,15.605581769553712
299,23571388,971684942,933724609,0.0,18589.0,9109.0,8.0,24.0,1.0,0.0,1.0,4117.0,0.0,0.0,6.0,1865.0,18537.0,8367.0,43.0,8.0,24.0,48.0,77.0,C,11.31512232840532
300,2154479,820874664,945963024,1.0,11532.0,7378.0,2.0,1.0,0.0,3.0,1.0,5698.0,0.0,0.0,17.0,1465.0,11530.0,8569.0,8.0,7.0,5.0,9.0,32.0,C,11.03087079105033
301,37051402,851871979,863242046,1.0,4205.0,2017.0,5.0,2.0,0.0,0.0,1.0,1588.0,0.0,0.0,6.0,411.0,4205.0,1885.0,8.0,2.0,8.0,9.0,48.0,Start,13.408357192217494
302,5727161,916814972,973807431,1.0,12313.0,6952.0,2.0,5.0,3.0,0.0,1.0,6837.0,0.0,0.0,18.0,1489.0,12309.0,4505.0,9.0,9.0,8.0,26.0,41.0,C,12.470087553624564
303,273789,918097200,911002853,0.0,16248.0,10030.0,10.0,2.0,7.0,0.0,1.0,4340.0,0.0,0.0,13.0,2251.0,16184.0,11905.0,6.0,6.0,18.0,37.0,141.0,C,10.407084738287889
304,514203,839875196,821518801,0.0,22159.0,13684.0,2.0,6.0,0.0,0.0,0.0,4651.0,0.0,0.0,54.0,3180.0,22152.0,17522.0,18.0,8.0,20.0,17.0,147.0,C,8.706867235223724
305,5813857,956755014,950166387,0.0,11122.0,7138.0,1.0,1.0,0.0,0.0,1.0,9755.0,0.0,0.0,14.0,1396.0,11109.0,7101.0,5.0,10.0,4.0,18.0,97.0,C,12.772368425497495
306,44245,821041183,853242929,1.0,74534.0,46764.0,5.0,46.0,5.0,0.0,1.0,38621.0,0.0,0.0,84.0,10160.0,74166.0,52353.0,68.0,13.0,38.0,99.0,588.0,B,7.930035767015864
307,158772,962093762,903196912,0.0,31372.0,19162.0,7.0,11.0,10.0,0.0,2.0,11979.0,0.0,0.0,86.0,4354.0,30772.0,22609.0,13.0,9.0,22.0,145.0,143.0,C,7.93096427218935
308,4231426,892100214,940982073,1.0,12715.0,7217.0,1.0,12.0,2.0,0.0,1.0,2007.0,0.0,0.0,11.0,1585.0,12693.0,7670.0,7.0,8.0,29.0,21.0,75.0,C,13.302996676559667
309,1363367,884675848,848162765,0.0,13569.0,8607.0,6.0,5.0,0.0,0.0,1.0,13545.0,4.0,0.0,18.0,1862.0,13567.0,9959.0,3.0,7.0,2.0,16.0,91.0,C,12.0502337080643
310,2901233,827102039,938137717,1.0,3906.0,2185.0,5.0,4.0,0.0,0.0,1.0,917.0,0.0,0.0,0.0,469.0,3906.0,1986.0,6.0,3.0,5.0,14.0,47.0,Start,12.0502337080643
311,4131894,905317349,869345958,0.0,15266.0,9829.0,3.0,3.0,0.0,0.0,1.0,10639.0,0.0,0.0,11.0,2022.0,15199.0,11057.0,4.0,6.0,9.0,13.0,127.0,C,14.21928740843382
312,93935,908592878,904080774,0.0,31650.0,18817.0,5.0,19.0,3.0,0.0,1.0,6482.0,0.0,0.0,55.0,3953.0,31636.0,19803.0,43.0,9.0,31.0,43.0,251.0,B,8.993540734720622
313,1093014,916038463,961282107,1.0,10943.0,6561.0,8.0,12.0,1.0,0.0,0.0,2297.0,0.0,0.0,18.0,1434.0,10875.0,5048.0,14.0,6.0,15.0,25.0,86.0,C,9.048803413395673
314,15866226,945410807,827080552,0.0,2283.0,1030.0,4.0,2.0,1.0,0.0,1.0,0.0,0.0,0.0,2.0,212.0,2283.0,800.0,5.0,3.0,4.0,10.0,16.0,Stub,13.408357192217494
315,9090004,825529365,854259988,1.0,3396.0,1896.0,2.0,1.0,0.0,0.0,1.0,3318.0,0.0,0.0,6.0,420.0,3332.0,1763.0,2.0,3.0,2.0,7.0,35.0,Start,13.996143857119613
316,22668406,940888786,831376067,0.0,2745.0,1627.0,2.0,1.0,0.0,0.0,0.0,265.0,0.0,0.0,1.0,258.0,2728.0,1224.0,3.0,2.0,3.0,8.0,40.0,Stub,15.605581769553712
317,53257,819752265,881181028,1.0,74531.0,41431.0,49.0,84.0,30.0,0.0,2.0,847.0,0.0,0.0,83.0,9076.0,74437.0,41237.0,101.0,9.0,122.0,159.0,486.0,B,15.605581769553712
318,34660676,838830805,979773538,1.0,25969.0,15426.0,18.0,26.0,1.0,0.0,1.0,9219.0,0.0,0.0,60.0,3564.0,25933.0,16304.0,29.0,7.0,44.0,43.0,122.0,C,14.21928740843382
319,187739,839307119,865713661,1.0,17719.0,10810.0,1.0,13.0,0.0,0.0,0.0,2949.0,0.0,0.0,22.0,2338.0,17702.0,11988.0,13.0,8.0,14.0,21.0,46.0,C,14.912434588993769
320,55240905,963424668,857355356,0.0,45726.0,27749.0,12.0,18.0,0.0,0.0,1.0,3427.0,0.0,0.0,117.0,6026.0,45667.0,6396.0,18.0,7.0,19.0,111.0,78.0,C,13.996143857119613
321,1011212,826417134,950820930,1.0,8699.0,5114.0,4.0,10.0,0.0,0.0,1.0,2454.0,0.0,0.0,12.0,1146.0,8698.0,5534.0,8.0,3.0,20.0,22.0,44.0,GA,15.605581769553712
322,1862198,934788399,892099736,0.0,70.0,46.0,0.0,0.0,0.0,0.0,0.0,70.0,0.0,0.0,0.0,9.0,70.0,65.0,0.0,0.0,0.0,0.0,1.0,Stub,13.040632412092176
323,4815152,827308899,944846056,1.0,10909.0,5824.0,5.0,13.0,0.0,0.0,1.0,4998.0,0.0,0.0,8.0,1187.0,10899.0,5610.0,23.0,6.0,18.0,18.0,51.0,GA,11.03087079105033
324,37397,924248691,941197214,1.0,50035.0,28085.0,6.0,41.0,0.0,4.0,1.0,14340.0,0.0,0.0,45.0,5910.0,49954.0,24177.0,59.0,10.0,59.0,91.0,222.0,GA,9.319583675044848
